               epoch,      train/box_loss,      train/obj_loss,      train/cls_loss,   metrics/precision,      metrics/recall,     metrics/mAP_0.5,metrics/mAP_0.5:0.95,        val/box_loss,        val/obj_loss,        val/cls_loss,               x/lr0,               x/lr1,               x/lr2
                   0,            0.094101,            0.020899,            0.040247,                   0,                   0,                   0,                   0,                 nan,                 nan,             0.69373,            0.070882,           0.0032353,           0.0032353
                   1,             0.07737,             0.02001,            0.031412,          0.00080314,            0.086456,          0.00086541,          0.00028604,             0.12445,           0.0089024,             0.10682,            0.040817,           0.0065036,           0.0065036
                   2,            0.075057,            0.020961,            0.026185,          8.6147e-05,           0.0069444,          5.5706e-05,          1.6712e-05,                 nan,                 nan,              1.1061,            0.010686,           0.0097059,           0.0097059
                   3,            0.075248,             0.02023,            0.025261,             0.12626,             0.14143,          0.00093212,          0.00033495,            0.097263,            0.010514,            0.046071,            0.009703,            0.009703,            0.009703
                   4,             0.07379,            0.020421,            0.024261,          5.2222e-05,               0.125,          6.6507e-05,          2.6378e-05,             0.11841,            0.008158,             0.11719,            0.009703,            0.009703,            0.009703
                   5,            0.070735,            0.020771,            0.021932,          0.00074582,             0.19734,           0.0023589,          0.00054983,             0.10573,           0.0087593,             0.19494,            0.009604,            0.009604,            0.009604
                   6,            0.069434,            0.020145,            0.022788,          0.00054851,            0.015203,          0.00034775,          0.00013255,             0.11342,           0.0070449,             0.18938,            0.009505,            0.009505,            0.009505
                   7,            0.066865,            0.021205,            0.021479,          0.00024399,            0.015578,          0.00014263,           2.982e-05,             0.10282,           0.0073138,             0.14976,            0.009406,            0.009406,            0.009406
                   8,            0.065124,            0.020654,            0.018949,             0.52203,             0.10752,            0.071354,             0.01871,            0.065665,            0.013111,            0.018006,            0.009307,            0.009307,            0.009307
                   9,             0.06205,            0.021656,            0.017078,              0.3951,             0.18157,            0.027134,           0.0080621,            0.069832,            0.009856,            0.021049,            0.009208,            0.009208,            0.009208
                  10,            0.062861,             0.02066,            0.016293,           0.0013386,             0.47722,            0.098856,            0.047165,            0.067759,            0.012622,            0.016009,            0.009109,            0.009109,            0.009109
                  11,             0.06327,            0.020068,            0.015798,             0.78062,            0.068182,            0.042674,            0.019737,            0.070219,            0.011047,             0.01332,             0.00901,             0.00901,             0.00901
                  12,            0.060211,            0.021031,             0.01611,           0.0022235,             0.31226,            0.048792,            0.019383,            0.068943,            0.019716,            0.019393,            0.008911,            0.008911,            0.008911
                  13,            0.058777,            0.021577,             0.01638,             0.38271,             0.16083,            0.012522,           0.0055109,            0.070781,            0.017279,            0.018357,            0.008812,            0.008812,            0.008812
                  14,            0.060243,            0.020609,            0.016495,              0.7021,             0.15878,             0.17412,             0.05613,            0.063403,            0.011713,            0.011729,            0.008713,            0.008713,            0.008713
                  15,            0.058384,            0.020922,            0.014579,             0.53224,              0.1703,             0.14255,            0.038029,            0.061848,            0.014138,            0.012982,            0.008614,            0.008614,            0.008614
                  16,            0.058961,            0.020237,            0.014965,             0.68309,            0.045455,            0.056939,            0.027964,            0.089634,           0.0079711,            0.047193,            0.008515,            0.008515,            0.008515
                  17,            0.055836,            0.020847,            0.012783,             0.59249,             0.10272,             0.14714,            0.052726,            0.056037,            0.011074,            0.013014,            0.008416,            0.008416,            0.008416
                  18,            0.055441,            0.019644,             0.01395,             0.89708,            0.077088,             0.14496,            0.036933,            0.055983,            0.013118,            0.010724,            0.008317,            0.008317,            0.008317
                  19,            0.054635,            0.021228,            0.012571,             0.81454,             0.09613,             0.27848,             0.10021,             0.05196,            0.012717,            0.012337,            0.008218,            0.008218,            0.008218
                  20,            0.053671,            0.020063,             0.01321,              0.7841,             0.27051,             0.26151,             0.10575,            0.048761,            0.014157,           0.0083392,            0.008119,            0.008119,            0.008119
                  21,            0.052409,            0.019952,            0.013117,             0.69182,             0.24467,              0.2414,            0.091999,            0.047413,            0.011788,            0.010656,             0.00802,             0.00802,             0.00802
                  22,            0.049892,             0.01965,            0.012311,             0.89745,             0.17992,             0.40611,             0.16735,            0.043131,            0.014258,            0.016076,            0.007921,            0.007921,            0.007921
                  23,            0.048638,            0.019977,            0.011731,             0.85704,             0.19098,             0.21304,            0.085912,            0.055814,            0.019247,            0.014614,            0.007822,            0.007822,            0.007822
                  24,            0.049252,            0.020133,            0.012897,             0.85775,             0.18657,             0.25397,             0.10584,            0.049256,            0.032399,           0.0092929,            0.007723,            0.007723,            0.007723
                  25,            0.047935,            0.018804,            0.011163,             0.76059,             0.27072,             0.30223,             0.12302,            0.046279,            0.011719,            0.010149,            0.007624,            0.007624,            0.007624
                  26,            0.046605,             0.01958,           0.0099807,             0.85507,             0.27093,             0.32599,             0.12847,            0.043419,            0.011776,           0.0099502,            0.007525,            0.007525,            0.007525
                  27,            0.046712,            0.018681,            0.011017,              0.8133,             0.13145,             0.44128,             0.22218,            0.041334,            0.010267,           0.0084369,            0.007426,            0.007426,            0.007426
                  28,            0.047148,            0.019852,             0.01241,             0.87896,             0.20505,             0.36479,             0.13843,            0.042146,            0.011195,             0.01054,            0.007327,            0.007327,            0.007327
                  29,            0.047838,            0.017716,            0.012671,             0.78613,             0.17719,              0.2866,             0.13397,            0.046663,            0.010002,           0.0094587,            0.007228,            0.007228,            0.007228
                  30,            0.047062,            0.018915,             0.01087,             0.74787,             0.28787,             0.31413,             0.15917,            0.041284,            0.013927,            0.010739,            0.007129,            0.007129,            0.007129
                  31,            0.045253,            0.017857,            0.012383,             0.79756,             0.33787,             0.37742,              0.1803,            0.042636,            0.015438,           0.0088337,             0.00703,             0.00703,             0.00703
                  32,            0.044585,            0.017388,            0.013255,             0.77412,             0.35825,             0.31005,             0.14511,            0.043559,            0.013001,            0.009978,            0.006931,            0.006931,            0.006931
                  33,            0.043631,             0.01738,            0.013067,             0.67387,             0.20046,              0.2227,             0.10515,            0.048158,            0.014202,           0.0095081,            0.006832,            0.006832,            0.006832
                  34,             0.04454,            0.017111,            0.010874,             0.81735,             0.25317,             0.31658,             0.13558,            0.042044,            0.011785,           0.0096787,            0.006733,            0.006733,            0.006733
                  35,            0.042463,            0.016756,            0.011149,             0.76553,             0.31593,             0.33206,             0.17241,            0.040102,            0.012517,           0.0096592,            0.006634,            0.006634,            0.006634
                  36,             0.04293,            0.017133,             0.01123,              0.6744,              0.3269,              0.2902,             0.15134,            0.039865,             0.01147,           0.0082501,            0.006535,            0.006535,            0.006535
                  37,            0.042039,            0.017335,           0.0098876,             0.83976,             0.27429,             0.40746,             0.18594,             0.04337,             0.01375,           0.0091945,            0.006436,            0.006436,            0.006436
                  38,            0.040712,             0.01672,           0.0091446,             0.83226,             0.28583,             0.36738,             0.18093,            0.050402,            0.014773,           0.0090417,            0.006337,            0.006337,            0.006337
                  39,              0.0397,            0.017242,            0.012044,             0.76161,             0.34616,              0.4011,             0.18753,            0.038407,            0.012355,           0.0084146,            0.006238,            0.006238,            0.006238
                  40,            0.039273,             0.01644,            0.010634,             0.84892,             0.28555,             0.44654,              0.2266,            0.038517,             0.01169,           0.0081209,            0.006139,            0.006139,            0.006139
                  41,            0.039644,            0.017339,           0.0090664,             0.75523,             0.36082,             0.35106,             0.21288,            0.037783,            0.011655,           0.0079054,             0.00604,             0.00604,             0.00604
                  42,            0.040034,            0.016475,           0.0099062,             0.89293,             0.28025,              0.2959,             0.18266,            0.037473,            0.010155,           0.0083269,            0.005941,            0.005941,            0.005941
                  43,            0.039631,            0.015513,           0.0098952,             0.76937,             0.36138,             0.37573,              0.2195,            0.037569,             0.01574,           0.0073821,            0.005842,            0.005842,            0.005842
                  44,            0.038123,            0.017052,           0.0082952,             0.71749,             0.27955,             0.28149,             0.17011,            0.037403,            0.011272,            0.007603,            0.005743,            0.005743,            0.005743
                  45,             0.03979,             0.01732,            0.010335,             0.81436,             0.38987,             0.42412,             0.20464,            0.035134,            0.010709,           0.0075565,            0.005644,            0.005644,            0.005644
                  46,            0.040118,            0.017007,           0.0087396,              0.7651,              0.4135,             0.38802,             0.20038,            0.036647,            0.012224,           0.0084923,            0.005545,            0.005545,            0.005545
                  47,            0.039852,            0.017038,            0.010889,              0.7905,             0.39078,             0.40327,             0.21213,             0.03607,           0.0099545,           0.0070935,            0.005446,            0.005446,            0.005446
                  48,            0.039449,            0.016498,           0.0088322,             0.73259,             0.35846,             0.35106,             0.20527,            0.039511,            0.012453,           0.0082776,            0.005347,            0.005347,            0.005347
                  49,            0.039279,            0.015424,            0.010341,             0.82226,             0.37094,             0.37833,             0.21527,            0.033779,            0.014342,           0.0077163,            0.005248,            0.005248,            0.005248
                  50,            0.037448,            0.015706,           0.0095895,             0.84293,             0.41359,             0.42307,             0.24611,            0.035553,           0.0084009,           0.0081907,            0.005149,            0.005149,            0.005149
                  51,            0.039115,            0.015836,           0.0096613,             0.74575,             0.37608,             0.33842,             0.18585,            0.034778,            0.011099,           0.0079726,             0.00505,             0.00505,             0.00505
                  52,            0.040217,            0.015537,           0.0094289,             0.78404,             0.43195,             0.42367,             0.20266,            0.041521,           0.0098572,           0.0075443,            0.004951,            0.004951,            0.004951
                  53,            0.039826,            0.015608,           0.0097916,             0.78919,             0.48445,             0.45804,             0.23071,            0.036039,           0.0097673,            0.007737,            0.004852,            0.004852,            0.004852
                  54,            0.039701,            0.015801,           0.0089433,             0.82362,             0.37292,             0.38017,             0.21819,            0.036092,            0.011182,           0.0088634,            0.004753,            0.004753,            0.004753
                  55,            0.037687,            0.015955,            0.010174,             0.78608,             0.34147,             0.31472,             0.15589,            0.039836,            0.010215,           0.0096145,            0.004654,            0.004654,            0.004654
                  56,            0.038783,            0.016247,           0.0087109,             0.73108,             0.18345,             0.19117,             0.11407,            0.056417,            0.010404,            0.011571,            0.004555,            0.004555,            0.004555
                  57,            0.039173,            0.015889,            0.011029,             0.78856,             0.39925,             0.41826,             0.18524,            0.036926,            0.011117,           0.0077306,            0.004456,            0.004456,            0.004456
                  58,            0.038034,            0.015583,           0.0092939,             0.80716,             0.40904,             0.37418,             0.21734,            0.035229,             0.01007,           0.0079422,            0.004357,            0.004357,            0.004357
                  59,            0.036771,            0.014523,           0.0091167,             0.78352,             0.31733,             0.35413,             0.17262,            0.040859,           0.0099617,            0.016106,            0.004258,            0.004258,            0.004258
                  60,            0.036952,            0.014438,            0.009216,               0.822,             0.32324,             0.34498,              0.1926,            0.043733,           0.0092718,           0.0089265,            0.004159,            0.004159,            0.004159
                  61,             0.03652,            0.015301,            0.007651,             0.81421,             0.33754,               0.394,             0.23685,            0.032702,            0.008583,           0.0077768,             0.00406,             0.00406,             0.00406
                  62,            0.036463,            0.015143,            0.009166,             0.86621,             0.45136,             0.45641,             0.26626,            0.031652,            0.011164,           0.0080534,            0.003961,            0.003961,            0.003961
                  63,            0.036571,            0.015339,           0.0089956,             0.83923,             0.39023,             0.40283,             0.22362,            0.033069,            0.010147,           0.0076888,            0.003862,            0.003862,            0.003862
                  64,            0.037122,             0.01535,           0.0075412,              0.8569,              0.3745,             0.43367,             0.26271,            0.032119,             0.01187,           0.0076491,            0.003763,            0.003763,            0.003763
                  65,            0.035527,            0.015272,           0.0086474,             0.84242,               0.418,             0.42598,             0.25552,            0.034704,           0.0082863,            0.007305,            0.003664,            0.003664,            0.003664
                  66,            0.035225,            0.014516,           0.0074174,             0.85523,             0.42832,             0.43708,             0.27819,            0.029772,           0.0080284,           0.0071838,            0.003565,            0.003565,            0.003565
                  67,            0.034393,            0.015398,           0.0090907,             0.84894,             0.38782,             0.43628,             0.27695,            0.030982,            0.010038,           0.0071578,            0.003466,            0.003466,            0.003466
                  68,            0.034831,            0.014083,           0.0081658,             0.84365,             0.37806,             0.41383,             0.24192,            0.033356,           0.0091347,           0.0073891,            0.003367,            0.003367,            0.003367
                  69,            0.033647,            0.014911,            0.008702,             0.87302,             0.45361,             0.45822,             0.26265,            0.029749,           0.0082242,           0.0068393,            0.003268,            0.003268,            0.003268
                  70,            0.034359,            0.015065,           0.0080091,             0.84782,             0.32741,             0.41456,             0.24574,            0.031531,            0.010772,           0.0073185,            0.003169,            0.003169,            0.003169
                  71,            0.036017,            0.014522,           0.0085881,             0.88763,             0.40907,             0.47011,             0.27028,            0.032187,           0.0096691,           0.0070584,             0.00307,             0.00307,             0.00307
                  72,            0.035841,            0.014214,           0.0083107,             0.82174,             0.40495,             0.41188,             0.24326,            0.034884,           0.0098192,           0.0070712,            0.002971,            0.002971,            0.002971
                  73,            0.035047,            0.015215,           0.0081386,             0.81187,             0.46916,               0.501,             0.28293,            0.032407,           0.0089313,           0.0068614,            0.002872,            0.002872,            0.002872
                  74,            0.034677,            0.014527,           0.0087537,             0.86798,             0.41073,             0.49332,             0.30565,            0.029441,           0.0082415,             0.00732,            0.002773,            0.002773,            0.002773
                  75,            0.032559,            0.014142,           0.0075461,              0.8509,             0.45216,             0.47024,             0.31098,            0.028278,           0.0094037,           0.0073528,            0.002674,            0.002674,            0.002674
                  76,            0.032966,            0.014443,             0.00891,             0.86173,             0.44395,             0.48023,             0.28439,            0.029744,           0.0095827,            0.007187,            0.002575,            0.002575,            0.002575
                  77,            0.032861,            0.013689,           0.0073478,               0.882,              0.4432,             0.49387,             0.31413,            0.028036,           0.0087547,           0.0078472,            0.002476,            0.002476,            0.002476
                  78,            0.032911,            0.014571,           0.0080564,             0.59135,             0.47227,              0.4954,             0.31018,            0.028608,           0.0077308,           0.0072284,            0.002377,            0.002377,            0.002377
                  79,            0.031892,            0.014345,           0.0084775,             0.88501,             0.45717,              0.5088,             0.31967,            0.026559,           0.0084316,           0.0071662,            0.002278,            0.002278,            0.002278
                  80,             0.03125,            0.013915,           0.0073112,             0.88959,             0.43531,             0.47656,             0.30335,            0.026008,           0.0084502,           0.0070612,            0.002179,            0.002179,            0.002179
                  81,            0.031606,             0.01333,           0.0074953,             0.87992,             0.45243,             0.48382,             0.30983,            0.026787,           0.0078008,           0.0072342,             0.00208,             0.00208,             0.00208
                  82,            0.031539,            0.013243,           0.0075933,             0.89017,             0.44504,              0.4674,             0.30179,            0.027692,           0.0081764,           0.0070464,            0.001981,            0.001981,            0.001981
                  83,            0.030012,            0.013268,           0.0081905,             0.88309,              0.4195,                 0.5,             0.30286,            0.028468,            0.010152,           0.0071227,            0.001882,            0.001882,            0.001882
                  84,            0.030195,            0.013985,           0.0088721,             0.87733,             0.45414,              0.5155,               0.303,            0.028691,           0.0094563,            0.007128,            0.001783,            0.001783,            0.001783
                  85,            0.029859,            0.013282,           0.0075088,             0.86733,             0.46135,             0.50015,             0.29586,            0.028411,           0.0089709,           0.0065504,            0.001684,            0.001684,            0.001684
                  86,            0.030675,            0.014027,            0.007551,             0.88025,             0.41196,             0.47124,             0.28942,            0.027194,           0.0087366,           0.0065652,            0.001585,            0.001585,            0.001585
                  87,            0.030584,            0.013521,            0.008563,             0.88949,             0.42925,             0.49714,             0.32118,            0.026133,           0.0079027,           0.0066514,            0.001486,            0.001486,            0.001486
                  88,            0.029456,            0.013822,           0.0068485,             0.61047,             0.50713,             0.48851,             0.30862,            0.027225,           0.0079725,           0.0061665,            0.001387,            0.001387,            0.001387
                  89,            0.029832,            0.013498,           0.0085265,             0.89309,             0.46269,             0.51772,             0.33862,            0.025665,           0.0079222,           0.0062544,            0.001288,            0.001288,            0.001288
                  90,            0.029419,            0.014134,           0.0082522,             0.88793,             0.45071,             0.53783,             0.33556,            0.027105,           0.0091333,           0.0064967,            0.001189,            0.001189,            0.001189
                  91,            0.029281,            0.014068,           0.0078407,             0.88999,             0.44582,             0.48714,             0.31218,             0.02761,            0.009182,           0.0062721,             0.00109,             0.00109,             0.00109
                  92,            0.029173,            0.013741,           0.0072133,             0.87077,             0.45764,             0.50602,             0.30923,            0.026529,            0.008889,           0.0063069,            0.000991,            0.000991,            0.000991
                  93,            0.028942,            0.013651,           0.0077498,             0.90351,             0.41021,             0.50065,             0.31499,            0.026102,            0.008764,           0.0066275,            0.000892,            0.000892,            0.000892
                  94,             0.02948,            0.013335,           0.0069949,             0.85644,             0.46388,             0.50462,             0.31933,            0.025426,            0.009994,           0.0063008,            0.000793,            0.000793,            0.000793
                  95,            0.028461,            0.013387,           0.0075541,             0.88422,             0.45283,               0.513,             0.33143,            0.025677,           0.0091987,           0.0064063,            0.000694,            0.000694,            0.000694
                  96,            0.028058,            0.012559,           0.0082383,             0.89659,             0.46557,             0.53082,             0.34557,            0.026297,           0.0089932,           0.0066049,            0.000595,            0.000595,            0.000595
                  97,            0.028645,            0.013874,           0.0075499,             0.89913,             0.46893,             0.52638,             0.35064,            0.025674,           0.0089736,           0.0064174,            0.000496,            0.000496,            0.000496
                  98,            0.028668,            0.012961,           0.0079274,             0.87755,             0.45497,             0.54084,             0.36109,            0.025165,            0.008471,           0.0062085,            0.000397,            0.000397,            0.000397
                  99,            0.028387,            0.013857,           0.0076416,             0.89344,             0.45528,             0.54428,             0.35837,            0.025112,           0.0087095,           0.0061517,            0.000298,            0.000298,            0.000298
